Track name,Artist name,Album,Playlist name,Type,ISRC
"Video Game Players - Menu Select (Great Fairy's Fountain) ( [From ""the Legend of Zelda: Twilight Princess"")","","","Liked videos","Favorite",""
"Claude Debussy - Clair De Lune","","","Liked videos","Favorite",""
"Classic Flames - Ludwig Van Beethoven: Symphony No. 5, Op. 67","","","Liked videos","Favorite",""
"Academy Of St. Christopher Orchestra · Johann Sebastian Bach - Toccata & Fugue D Minor, BWV 565","","","Liked videos","Favorite",""
"T.I. - Why You Wanna","","","Liked videos","Favorite",""
"MADEINTYO - I NEED THAT PACK (PROD. ICYTWAT)","","","Liked videos","Favorite",""
"SlimeGetEm - In A Tomb","","","Liked videos","Favorite",""
"SlimeGetEm - Destruction","","","Liked videos","Favorite",""
"Cash Cobain · Chow Lee · Cash Cobain & Chow Lee · Othello Beats · Cashmere Small · Justin Jones - ALL NIGHT LONG","","","Liked videos","Favorite",""
"Cash Cobain · Chow Lee · Cash Cobain & Chow Lee · Cash Cobain · Cashmere Small · Justin Jones - FREAK OF DI WEEK","","","Liked videos","Favorite",""
"LAZER DIM 700 · Devokeyous Hamilton · KADE · GOXAN - Skyra","","","Liked videos","Favorite",""
"LAZER DIM 700 · Devokeyous Hamilton · GOXAN - Scavenger","","","Liked videos","Favorite",""
"LAZER DIM 700 · GOXAN · Devokeyous Hamilton - Deadlee","","","Liked videos","Favorite",""
"LAZER DIM 700 · GOXAN · Devokeyous Hamilton - Malc","","","Liked videos","Favorite",""
"LAZER DIM 700 · GOXAN · DOWIN · Devokeyous Hamilton - Midnight Club","","","Liked videos","Favorite",""
"Glokk40Spaz · 2wo2imes - Vampire Life","","","Liked videos","Favorite",""
"Duck Sauce - Barbra Streisand (Original Mix)","","","Liked videos","Favorite",""
"D-Block Europe - Thug","","","Liked videos","Favorite",""
"D-Block Europe - Intro","","","Liked videos","Favorite",""
"Bellini - Samba de Janeiro (Radio Edit)","","","Liked videos","Favorite",""
"Octavian · Sam Wise - 100 Degrees (feat. Sam Wise)","","","Liked videos","Favorite",""
"Freddie Gibbs - Triple Threat","","","Liked videos","Favorite",""
"HUNCHO JACK · Travis Scott · Quavo - Modern Slavery","","","Liked videos","Favorite",""
"Chief Keef - Everyday","","","Liked videos","Favorite",""
"Chief Keef · Yale Lucciani - True Religion Fein","","","Liked videos","Favorite",""
"New Super Mario Bros Wii - Volcano","","","Liked videos","Favorite",""
"BADBADNOTGOOD · Ghostface Killah - Street Knowledge","","","Liked videos","Favorite",""
"Tinashe - You Don't Know Me","","","Liked videos","Favorite",""
"Tay-K · Diego Money · Bandman Fari - Gotta Blast","","","Liked videos","Favorite",""
"Tay-K - Lemonade","","","Liked videos","Favorite",""
"Queen - Bohemian Rhapsody (Remastered 2011)","","","Liked videos","Favorite",""
"Ice Prince · Brymo - Oleku (feat. Brymo)","","","Liked videos","Favorite",""
"Bad Meets Evil - Welcome 2 Hell","","","Liked videos","Favorite",""
"Playboi Carti - LIKE WEEZY","","","Liked videos","Favorite",""
"Earl Sweatshirt, MIKE, SURF GANG - Leadbelly","","","Liked videos","Favorite",""
"Knowledge the Pirate · Roc Marciano - Receipts","","","Liked videos","Favorite",""
"V Don · Willie The Kid · Tivon Key · Willie Buckley - Outbreak (feat. Willie The Kid)","","","Liked videos","Favorite",""
"billy woods - Smith + Cross","","","Liked videos","Favorite",""
"James Brown & The Famous Flames - It's A Man's, Man's, Man's World","","","Liked videos","Favorite",""
"POLO PERKS ᐸ3 ᐸ3 ᐸ3 · FEB PHONZO - Duppy Drill","","","Liked videos","Favorite",""
"Robin Thicke - Lost Without U (Official Music Video)","","","Liked videos","Favorite",""
"J. Cole - Too Deep for the Intro","","","Liked videos","Favorite",""
"SPEAK! - Aintnofun","","","Liked videos","Favorite",""
"Common · Malik Yusef - Nobody's Smiling","","","Liked videos","Favorite",""
"Estee Nack · V Don · Al.Divino · BoriRock · Shaykh Hanif · Alexis Rosario · Tivon Key - HIGHTECHNOLOGY (feat. Al.Divino, BoriRock & Shaykh Hanif)","","","Liked videos","Favorite",""
"Freddie Gibbs & The Alchemist - ""Ensalada (feat. Anderson .Paak)"" (Official Visualizer)","","","Liked videos","Favorite",""
"Willie The Kid & V Don - BUT OF COURSE Ft. Ransom [Official Audio]","","","Liked videos","Favorite",""
"PRhyme · Common - Wishin' (feat. Common)","","","Liked videos","Favorite",""
"Roc Marciano - Melo","","","Liked videos","Favorite",""
"Oasis - Don't Look Back In Anger (Official Video)","","","Liked videos","Favorite",""
"RXK Nephew - ""C.A.N.D.Y."" (Live) | UPROXX Sessions","","","Liked videos","Favorite",""
"Young Roddy · KingiKeem · Jameel Naim X · Jamaal - G.O.A.T.","","","Liked videos","Favorite",""
"Noah-O · Conway · Fan Ran - Sidewalks (feat. Conway)","","","Liked videos","Favorite",""
"The Temper Trap - Sweet Disposition","","","Liked videos","Favorite",""
"Roc Marciano · Rahkeim Calief Meyer - Mt. Marci","","","Liked videos","Favorite",""
"Domo Genesis · Graymatter · Graymatter · Graymatter · Joe LaPorta · Domo Genesis - PLAINFACE","","","Liked videos","Favorite",""
"Basement Jaxx - Romeo","","","Liked videos","Favorite",""
"Freddie Gibbs · Ea$y Money - Breaking Bad","","","Liked videos","Favorite",""
"Dark Cave, Ice Path & Seafoam Islands [Pokémon: HeartGold & SoulSilver]","","","Liked videos","Favorite",""
"Roc Marciano · The Alchemist - Street Magic","","","Liked videos","Favorite",""
"YoungBoy Never Broke Again - Untouchable [Official Music Video]","","","Liked videos","Favorite",""
"Freddie Gibbs · The Alchemist - Empanadas","","","Liked videos","Favorite",""
"Curren$y · Harry Fraud - Sixty-Seven Turbo Jet","","","Liked videos","Favorite",""
"Crystal Waters - Gypsy Woman (She's Homeless) (La Da Dee La Da Da) (Basement Boy Strip To The Bone Mix)","","","Liked videos","Favorite",""
"NLE Choppa - Paradise","","","Liked videos","Favorite",""
"Freddie Gibbs · The Alchemist - Lemon Pepper Steppers","","","Liked videos","Favorite",""
"F̲r̲e̲d̲d̲i̲e̲ G̲i̲b̲b̲s̲ - S̲h̲a̲d̲o̲w̲ o̲f̲ a̲ D̲o̲u̲b̲t̲ (Full Album)","","","Liked videos","Favorite",""
"Max B · Jim Jones - P.S.A.","","","Liked videos","Favorite",""
"Kendrick Lamar · Ashtro Bot - Keisha's Song (Her Pain)","","","Liked videos","Favorite",""
"Sauce Walka - Spirit out of Christmas","","","Liked videos","Favorite",""
"CorMill - Leanin (Slowed)","","","Liked videos","Favorite",""
"Nine Vicious - Can't Tell Me Nothing","","","Liked videos","Favorite",""
"Drake - Wick Man","","","Liked videos","Favorite",""
"PARTYNEXTDOOR - Buzzin' ft. Lil Yachty","","","Liked videos","Favorite",""
"Nicholas Craven - Lobos","","","Liked videos","Favorite",""
"Roc Marciano · Rahkeim Calief Meyer - The Sauce","","","Liked videos","Favorite",""
"Ab-Soul · Black Hippy - Black Lip Bastard (Rmx) (feat. Black Hippy)","","","Liked videos","Favorite",""
"LilCJ Kasino · Hoodrich Pablo Juan - In The Hood","","","Liked videos","Favorite",""
"Desiigner - Panda","","","Liked videos","Favorite",""
"Freddie Gibbs · The Alchemist - Lavish Habits","","","Liked videos","Favorite",""
"Freddie Gibbs · The Alchemist - Shangri La","","","Liked videos","Favorite",""
"Freddie Gibbs · The Alchemist - I Still Love H.E.R.","","","Liked videos","Favorite",""
"Dark Lo · Kylledge · P90 Smooth · 100 Shot Dot - Enter the Mausoleum","","","Liked videos","Favorite",""
"Freddie Gibbs · The Alchemist · JID - Gold Feet","","","Liked videos","Favorite",""
"Jay Worthy, Spice 1 & Bun B - Jive 95 (Official Video)","","","Liked videos","Favorite",""
"Mercston · Wretch 32 - No Banter (feat. Wretch 32)","","","Liked videos","Favorite",""
"Odd Future - Orange Juice (OFWGKTA)","","","Liked videos","Favorite",""
"STOVE GOD COOKS ~ MARVIN YE","","","Liked videos","Favorite",""
"Kooley High - Grinning (feat. Rapsody)","","","Liked videos","Favorite",""
"Caleborate - Make Me Take Me","","","Liked videos","Favorite",""
"BashfortheWorld - MVP","","","Liked videos","Favorite",""
"Kaskade - 4 AM/ Araaabmuzik Streetz Tonight Remix (Flylo FM)","","","Liked videos","Favorite",""
"Freddie Gibbs · The Alchemist · Larry June - Feeling","","","Liked videos","Favorite",""
"Jeroxzy - Freddy vs. Jason","","","Liked videos","Favorite",""
"Turbo · Gunna - Bachelor","","","Liked videos","Favorite",""
"Hodgy · Lil Wayne - Tape Beat","","","Liked videos","Favorite",""
"XXXTENTACION - Everybody Dies In Their Nightmares","","","Liked videos","Favorite",""
"db. · Joseph Adenuga - king.","","","Liked videos","Favorite",""
"XXXTENTACION - YuNg BrAtZ","","","Liked videos","Favorite",""
"T. Bless - What Is Freedom","","","Liked videos","Favorite",""
"Dom Corleo, Fimiguerrero -  For a Fact (Official Music Video)","","","Liked videos","Favorite",""
"MAXIMUM THE HORMONE - What's up, people?!","","","Liked videos","Favorite",""
"Veeze - GOMD","","","Liked videos","Favorite",""
"Clipse · Kendrick Lamar · Pharrell Williams · Pusha T · Malice - Chains & Whips","","","Liked videos","Favorite",""
"Clipse · Pharrell Williams · Pusha T · Malice - E.B.I.T.D.A.","","","Liked videos","Favorite",""
"Clipse · Pusha T · Malice - M.T.B.T.T.F.","","","Liked videos","Favorite",""
"Dee Billz · Kyle Richh · Kai Swervo · KJ Swervo · 41 - Beckham","","","Liked videos","Favorite",""
"Westside Gunn · Freddie Gibbs · Roc Marciano - $500 Ounces (feat. Freddie Gibbs & Roc Marciano)","","","Liked videos","Favorite",""
"UnoTheActivist · The Act - Lil X","","","Liked videos","Favorite",""
"Earl Sweatshirt · The Alchemist - Mac Deuce","","","Liked videos","Favorite",""
"Run The Jewels · EL-P · Killer Mike · Prince Paul - Twin Hype Back (feat. Prince Paul)","","","Liked videos","Favorite",""
"Westside Gunn - Perfect Plex","","","Liked videos","Favorite",""
"Playboi Carti - WASSUP/RATCHET ft. Lil Baby (Official Visualizer)","","","Liked videos","Favorite",""
"G Herbo - Sessions","","","Liked videos","Favorite",""
"Ghostface Killah Out Here Rapping Like The Rent Is Due #hiphop #rap #freestyle #wutangclan","","","Liked videos","Favorite",""
"Lupe Fiasco - Mural","","","Liked videos","Favorite",""
"K-Trap - Attack The Day (Official Video)","","","Liked videos","Favorite",""
"Earl Sweatshirt - Geb (Deluxe)","","","Liked videos","Favorite",""
"Kojo Funds x Abra Cadabra - Dun Talkin [Music Video] | GRM Daily","","","Liked videos","Favorite",""
"Phil Collins - Another Day in Paradise (2016 Remaster)","","","Liked videos","Favorite",""
"Rick Ross - Family Ties","","","Liked videos","Favorite",""
"Westside Gunn - Mr. T","","","Liked videos","Favorite",""
"J. Cole - Too Deep For The Intro (Official Audio)","","","Liked videos","Favorite",""
"Benny The Butcher - Bust A Brick Nick","","","Liked videos","Favorite",""
"Roc Marciano · Rahkeim Calief Meyer - Already","","","Liked videos","Favorite",""
"Benny The Butcher - Bust A Brick Nick (Official Video)","","","Liked videos","Favorite",""
"Westside Gunn - Buffs vs. Wires (Audio) ft. Benny, Boldy James","","","Liked videos","Favorite",""
"Willie The Kid · V Don · Willie Buckley · Tivon Key - Champagne at the Harris Building","","","Liked videos","Favorite",""
"J. Cole · Trey Songz - Can't Get Enough","","","Liked videos","Favorite",""
"The Alchemist · Oh No · Gangrene - Congratulations, You Lose","","","Liked videos","Favorite",""
"MIKE - Zap!","","","Liked videos","Favorite",""
"Westside Gunn · Stove God Cooks · Elijah Hooks - DUMP WORLD","","","Liked videos","Favorite",""
"Westside Gunn - Broadway Joes","","","Liked videos","Favorite",""
"Earl Sweatshirt · The Alchemist - Sirius Blac","","","Liked videos","Favorite",""
"K-Trap - Warm","","","Liked videos","Favorite",""
"Fimiguerrero - Ménage À Trois ft. Sherifflazone (Official Video)","","","Liked videos","Favorite",""
"Roc Marciano · Rahkeim Calief Meyer - Power","","","Liked videos","Favorite",""
"DJ Muggs · Roc Marciano · Rome Streetz · Meyhem Lauren - 67 Keys (Remix)","","","Liked videos","Favorite",""
"Earl Sweatshirt · SK La' Flare - Pre","","","Liked videos","Favorite",""
"Roc Marciano, The Alchemist - Street Magic (Official Music Video)","","","Liked videos","Favorite",""
"Roc Marciano · Rahkeim Calief Meyer - Respected","","","Liked videos","Favorite",""
"Roc Marciano - LeFlair","","","Liked videos","Favorite",""
"Roc Marciano · Rahkeim Calief Meyer - 67 Lobby","","","Liked videos","Favorite",""
"Roc Marciano · Rahkeim Calief Meyer - Kill You","","","Liked videos","Favorite",""
"Roc Marciano · Rahkeim Calief Meyer - Saks Fifth","","","Liked videos","Favorite",""
"Roc Marciano · Knowledge The Pirate · Rahkeim Calief Meyer - Major League (feat. Knowledge the Pirate)","","","Liked videos","Favorite",""
"Boldy James · The Alchemist · Evidence - Grey October","","","Liked videos","Favorite",""
"A$AP Rocky - Better Things","","","Liked videos","Favorite",""
"Roc Marciano · Rahkeim Calief Meyer - Happy Endings","","","Liked videos","Favorite",""
"Roc Marciano · Rahkeim Calief Meyer - Muse","","","Liked videos","Favorite",""
"Ab-soul · Jay Rock - U.O.E.N.O. (feat. Kendrick Lamar & Schoolboy Q)","","","Liked videos","Favorite",""
"A$AP Rocky · ScHoolboy Q - Electric Body","","","Liked videos","Favorite",""
"OhGeesy (Shoreline Mafia) x Lefty Gunplay - What It Iz [Official Music Video]","","","Liked videos","Favorite",""
"Boldy James · Conductor Williams · Bo Jack - All Madden","","","Liked videos","Favorite",""
"Westside Gunn - Broadway Joes (Prod. By Cee Gee)","","","Liked videos","Favorite",""
"Tinie Tempah - Just a Little (feat. Range)","","","Liked videos","Favorite",""
"Boldy James · Conductor Williams - St. Juliana","","","Liked videos","Favorite",""
"YG - Go Loko ft. Tyga, Jon Z","","","Liked videos","Favorite",""
"Westside Gunn - BIG DUMP BALLAD","","","Liked videos","Favorite",""
"Roc Marciano · Rahkeim Calief Meyer - Richard Gear","","","Liked videos","Favorite",""
"Benny the Butcher · 38 Spesh · Jeremie Pennick · Justin Harrell - SS2 Freestyle","","","Liked videos","Favorite",""
"Jace! - Goose Creek (OFFICIAL VIDEO) [Shot By: @Jmoney1041 Edit By: @jacepowers ]","","","Liked videos","Favorite",""
"Araabmuzik - Love is Love","","","Liked videos","Favorite",""
"Armand Hammer · The Alchemist - Falling out the Sky","","","Liked videos","Favorite",""
"Future - Cinderella (Visualizer) Feat. Metro Boomin & Travis Scott","","","Liked videos","Favorite",""
"THE SAME DAY FT  CONWAY THE MACHINE , BENNY THE BUTCHER","","","Liked videos","Favorite",""
"Young Thug - Daddy's Birthday [Official Audio]","","","Liked videos","Favorite",""
"Young Thug - Wyclef Jean","","","Liked videos","Favorite",""
"Gucci Mane · Offset - Met Gala (feat. Offset)","","","Liked videos","Favorite",""
"Summrs- Marble Floors (Official Music Video)","","","Liked videos","Favorite",""
"Roc Marciano · Knowledge The Pirate · Rahkeim Calief Meyer - No Love (feat. Knowledge the Pirate)","","","Liked videos","Favorite",""
"Destroy Lonely - PIMP TALK","","","Liked videos","Favorite",""
"J. Cole - Ville Mentality","","","Liked videos","Favorite",""
"Westside Gunn - BIG DUMP BALLAD (Visualizer)","","","Liked videos","Favorite",""
"Busta Rhymes · Akon · Vybz Kartel - Crazy","","","Liked videos","Favorite",""
"Psylo · Da$H - Hurt So Bad","","","Liked videos","Favorite",""
"ScHoolboy Q - Hell Of A Night","","","Liked videos","Favorite",""
"ScHoolboy Q - Break The Bank","","","Liked videos","Favorite",""
"Kid Cudi - Cold Blooded (Explicit)","","","Liked videos","Favorite",""
"Dark Lo - Back in the Day","","","Liked videos","Favorite",""
"Lil Tecca · Ken Carson - Fell In Love","","","Liked videos","Favorite",""
"Westside Gunn · Stove God Cooks - 055","","","Liked videos","Favorite",""
"Westside Gunn - OUTLANDER","","","Liked videos","Favorite",""
"Westside Gunn · Brother Tom Sos - HEALTH SCIENCE","","","Liked videos","Favorite",""
"Future · Metro Boomin · Travis Scott - Cinderella","","","Liked videos","Favorite",""
"Roc Marciano - Panic","","","Liked videos","Favorite",""
"Jay Rock · Ab Soul - No Joke (feat. Ab Soul)","","","Liked videos","Favorite",""
"Autumn! - My Collection! (Official Music Video)","","","Liked videos","Favorite",""
"A$AP Rocky - Phoenix","","","Liked videos","Favorite",""
"A$AP Rocky · ScHoolboy Q - PMW (All I Really Need)","","","Liked videos","Favorite",""
"Tinie Tempah · Wiz Khalifa - Till I'm Gone (feat. Wiz Khalifa)","","","Liked videos","Favorite",""
"Tinie Tempah - Obsession","","","Liked videos","Favorite",""
"Swedish House Mafia · Tinie Tempah - Miami 2 Ibiza (Swedish House Mafia vs. Tinie Tempah)","","","Liked videos","Favorite",""
"Tinie Tempah · Labrinth - Frisky (feat. Labrinth)","","","Liked videos","Favorite",""
"Aphex Twin - IZ-US","","","Liked videos","Favorite",""
"Larry June · 2 Chainz · The Alchemist - Munyon Canyon","","","Liked videos","Favorite",""
"Tinie Tempah - Snap","","","Liked videos","Favorite",""
"Drake - Look What You've Done","","","Liked videos","Favorite",""
"Drake · Rick Ross - Lord Knows","","","Liked videos","Favorite",""
"JAŸ-Z - Medley: Intro","","","Liked videos","Favorite",""
"Jay Worthy · Roc Marciano - Players Only","","","Liked videos","Favorite",""
"Ronny J · XXXTENTACION - Banded Up (feat. XXXTENTACION)","","","Liked videos","Favorite",""
"Action Bronson - Imported Goods","","","Liked videos","Favorite",""
"Benny the Butcher · Conway - Dirty Needles (feat. Conway)","","","Liked videos","Favorite",""
"Tory Lanez - Ballad of a Badman","","","Liked videos","Favorite",""
"Brent Faiyaz · DJ Dahi · Tyler The Creator - GRAVITY","","","Liked videos","Favorite",""
"sameolemeek_","","","Liked videos","Favorite",""
"Drake - Red Button","","","Liked videos","Favorite",""
"Freddie Gibbs · Pusha T - Gold Rings (feat. Pusha T)","","","Liked videos","Favorite",""
"[Album] Roc Marciano - Strength And Honor (2004）","","","Liked videos","Favorite",""
"Freddie Gibbs - Heaven Can Wait","","","Liked videos","Favorite",""
"Boldy James · Conductor Williams - The Ol Switcharoo","","","Liked videos","Favorite",""
"Future · Metro Boomin - Out Of My Hands","","","Liked videos","Favorite",""
"Estee Nack · CB Beatz · Alexis Rosario - VEUVECLICQUOTBRUT","","","Liked videos","Favorite",""
"Travis Scott - sdp interlude (Extended)","","","Liked videos","Favorite",""
"Dave East · Fabolous - Levelin Up","","","Liked videos","Favorite",""
"Elcamino - Davis St.","","","Liked videos","Favorite",""
"Lil Yachty · Playboi Carti - Get Dripped","","","Liked videos","Favorite",""
"RXKNEPHEW - From Da Heart","","","Liked videos","Favorite",""
"RXKNephew - The One","","","Liked videos","Favorite",""
"RXKNephew · Harry Fraud · Kristopher Kevon Williams · Rory William Quigley - Dub 4 U","","","Liked videos","Favorite",""
"Westside Gunn - Elizabeth","","","Liked videos","Favorite",""
"RXKNEPHEW · Zeeloopers - Forgive Me (feat. Zeeloopers)","","","Liked videos","Favorite",""
"Travis Scott - 4X4","","","Liked videos","Favorite",""
"BENNY THE BUTCHER OLD INTERVIEW & FREESTYLE FRESH OUT STILL ON PAROLE","","","Liked videos","Favorite",""
"Dawn Penn - No, No No (Official Video)","","","Liked videos","Favorite",""
"Masta Ace - Acknowledge","","","Liked videos","Favorite",""
"Roc Marciano · Rahkeim Calief Meyer - 1,000 Deaths","","","Liked videos","Favorite",""
"Curren$y · Freddie Gibbs · The Alchemist - Tapatio","","","Liked videos","Favorite",""
"The Lox  - Santorini Greece Freestyle","","","Liked videos","Favorite",""
"Westside Gunn - Freestyle","","","Liked videos","Favorite",""
"DJ Muggs · Roc Marciano - Shit I’m On","","","Liked videos","Favorite",""
"V Don · Eto · Tivon Key · Alvin Olavarria - Live Today","","","Liked videos","Favorite",""
"Ab-Soul - The Book of Soul","","","Liked videos","Favorite",""
"Fabolous - Everything Was The Same (Feat. Stacy Barthe) (The Soul Tape 3)","","","Liked videos","Favorite",""
"Nas Ft J. Cole _ Stay","","","Liked videos","Favorite",""
"Roc Marciano · Knowledge The Pirate · Rahkeim Calief Meyer - Bohemian Grove (feat. Knowledge the Pirate)","","","Liked videos","Favorite",""
"MIKE · Wiki · The Alchemist - Bledsoe","","","Liked videos","Favorite",""
"Ransom · Conway The Machine · V Don · Randy Nicholls · Demond Price · Tivon Key · Bizkel - Photo Bomb","","","Liked videos","Favorite",""
"Westside Gunn · Benny · Boldy James - Buffs vs. Wires","","","Liked videos","Favorite",""
"Freddie Gibbs & The Alchemist - Baby $hit (Visualizer)","","","Liked videos","Favorite",""
"Horseshoe Gang - Date a Black Girl","","","Liked videos","Favorite",""
"Horseshoe Gang // Falling","","","Liked videos","Favorite",""
"Roc Marciano · The Alchemist - Think Big","","","Liked videos","Favorite",""
"V Don - Engraved ft. Rigz [OFFICIAL VIDEO]","","","Liked videos","Favorite",""
"Knowledge The Pirate   Honor Among Us","","","Liked videos","Favorite",""
"Sada Baby - MULTIVERSE","","","Liked videos","Favorite",""
"Corsairs Knowledge the Pirate ft Roc Marciano","","","Liked videos","Favorite",""
"A$AP Mob · A$AP Rocky · Playboi Carti · Big Sean - Frat Rules","","","Liked videos","Favorite",""
"Kendrick Lamar - good kid","","","Liked videos","Favorite",""
"Rick Ross · JAŸ-Z - The Devil Is A Lie","","","Liked videos","Favorite",""
"Drake - Know Yourself","","","Liked videos","Favorite",""
"Willie The Kid · V Don · Willie Buckley · Tivon Key - EXXON","","","Liked videos","Favorite",""
"Araabmuzik - Wanted Ft. Nevelle Viracocha","","","Liked videos","Favorite",""
"MIKE · Wiki · The Alchemist - Thug Anthem","","","Liked videos","Favorite",""
"The Alchemist · Havoc - Scientology","","","Liked videos","Favorite",""
"The Alchemist · Action Bronson · Big Body Bes - Minnesota Fats","","","Liked videos","Favorite",""
"The Alchemist feat. Conway The Machine - ""Diego Maradona""","","","Liked videos","Favorite",""
"Araabmuzik · Abraham Orellana - At2","","","Liked videos","Favorite",""
"Burna Boy - Tested, Approved & Trusted [Official Music Video]","","","Liked videos","Favorite",""
"Roc Marciano · Rahkeim Calief Meyer - Pimps Don't Wear Rabbits","","","Liked videos","Favorite",""
"Boldy James · The Alchemist · Freddie Gibbs - S.N.O.R.T.","","","Liked videos","Favorite",""
"Willie The Kid · V Don · Eto · Willie Buckley · Tivon Key · Alvin Olavarria - Heather Grey 2","","","Liked videos","Favorite",""
"V Don · Ty Da Dale · Rome Streetz · Tivon Key - Platinum Grillz (feat. Rome Streetz)","","","Liked videos","Favorite",""
"old asap rocky beats be like....","","","Liked videos","Favorite",""
"V Don · Ty Da Dale · Tivon Key - Banned in 9 States","","","Liked videos","Favorite",""
"Benny the Butcher · DJ Green Lantern · Jeremie Pennick · James D'Agostino - Rivi","","","Liked videos","Favorite",""
"TY DA DALE · baby maine - OUT THE POT (feat. baby maine)","","","Liked videos","Favorite",""
"Conway The Machine - Rex Ryan (feat. Westside Gunn & Roc Marciano)","","","Liked videos","Favorite",""
"Styles P - Money and Checks","","","Liked videos","Favorite",""
"Brent Faiyaz - Allure","","","Liked videos","Favorite",""
"Brent Faiyaz - Running on E.","","","Liked videos","Favorite",""
"V Don · Sauce Heist · A$AP Twelvyy · Tivon Key · Brandon Singleton · Jamel Phillips - Crime Affairs (feat. A$AP Twelvyy)","","","Liked videos","Favorite",""
"Roc Marciano - Went Diamond","","","Liked videos","Favorite",""
"OT7 Quanny - Dame Lillard","","","Liked videos","Favorite",""
"G Herbo - Sessions (Official Video)","","","Liked videos","Favorite",""
"Veeze - GOMD (Prod By Tye Beats & Moon)","","","Liked videos","Favorite",""
"21 Savage - can't leave without it","","","Liked videos","Favorite",""
"Jay Hound - Wondering / Real Shit [Official Music Video]","","","Liked videos","Favorite",""
"V Don · Ty Da Dale · Baby Maine · Tivon Key - Tango N Cash (feat. Baby Maine)","","","Liked videos","Favorite",""
"V Don · Ty Da Dale · Tivon Key - In Stores","","","Liked videos","Favorite",""
"V Don · Ty Da Dale · Baby Maine · Tivon Key - 98 Clue Freestyle (feat. Baby Maine)","","","Liked videos","Favorite",""
"V Don · Ty Da Dale · Jesus Heist · Tivon Key - Drink Champs (feat. Jesus Heist)","","","Liked videos","Favorite",""
"Dark Lo · Tay Roc · Charles Salley · Donte Richardson - Adams Family (feat. Tay Roc)","","","Liked videos","Favorite",""
"Westside Gunn · Estee Nack · Stove God Cooks · Keisha Plum - God Is Love (feat. Estee Nack, Stove God Cooks & Keisha Plum)","","","Liked videos","Favorite",""
"Westside Gunn · Heem · Chase Fetti · Flee Lord - Celine Pour Homme (feat. Heem, Chase Fetti & Flee Lord)","","","Liked videos","Favorite",""
"V Don · Ty Da Dale · Sauce Heist · Baby Maine · Tivon Key - Not Rite (feat. Sauce Heist & Baby Maine)","","","Liked videos","Favorite",""
"Hoodrich Pablo Juan - We Don't Luv Em","","","Liked videos","Favorite",""
"Boldy James · Conductor Williams - Flying Trapeze Act","","","Liked videos","Favorite",""
"Curren$y · Freddie Gibbs · The Alchemist - No Window Tints","","","Liked videos","Favorite",""
"KILLY - No Sad No Bad","","","Liked videos","Favorite",""
"Drake · Travis Scott - Fair Trade","","","Liked videos","Favorite",""
"Benny The Butcher · Conway - All 70","","","Liked videos","Favorite",""
"Roc Marciano - Marciology","","","Liked videos","Favorite",""
"Niontay - Da City of a Hunnid Plays","","","Liked videos","Favorite",""
"Westside Gunn · Curren$y · Benny the Butcher - Lucha Bros (feat. Curren$y & Benny the Butcher)","","","Liked videos","Favorite",""
"Boldy James · Conductor Williams - Lamp Shade","","","Liked videos","Favorite",""
"El Michels Affair · Black Thought - The Weather","","","Liked videos","Favorite",""
"Freddie Gibbs - Eastside Moonwalker","","","Liked videos","Favorite",""
"The General's Heart","","","Liked videos","Favorite",""
"Benny The Butcher - Broken Bottles","","","Liked videos","Favorite",""
"Boldy James · The Alchemist - Turpentine","","","Liked videos","Favorite",""
"Grime Scene Saviours (feat. D Double E, Frisco, Flirta D, Skepta, Bruza, JME, Jendor, Novelist,...","","","Liked videos","Favorite",""
"J. Cole - I'm The Man","","","Liked videos","Favorite",""
"Common - Faithful","","","Liked videos","Favorite",""
"Little Brother - I See Now","","","Liked videos","Favorite",""
"Araabmuzik - Love is Love","","","Liked videos","Favorite",""
"Trey Songz - Na Na","","","Liked videos","Favorite",""
"Chris Brown · Tyga · Kevin McCall - Deuces","","","Liked videos","Favorite",""
"Chris Brown - Liquor","","","Liked videos","Favorite",""
"Parker King aka Legodad · KC Da Beatmonster - Gucci Mane Love Javascript (feat. KC Da Beatmonster)","","","Liked videos","Favorite",""
"Araabmuzik · Abraham Orellana - Electronic Dream","","","Liked videos","Favorite",""
"Westside Gunn · DJ Drama · Stove God Cooks · Benny The Butcher · Conway the Machine · Boldy James - Still Praying","","","Liked videos","Favorite",""
"Nas - Purple","","","Liked videos","Favorite",""
"CEO Trayle · Larry June - P'zzz","","","Liked videos","Favorite",""
"OT7 Quanny · G.T. - New Money","","","Liked videos","Favorite",""
"Gunna · Drake - P power (feat. Drake)","","","Liked videos","Favorite",""
"Curren$y - Life She Chose","","","Liked videos","Favorite",""
"Lil Yachty x A$AP Ferg - ""Terminator"" (Official Audio) & Lyrics","","","Liked videos","Favorite",""
"OT7 Quanny - Ok Ok","","","Liked videos","Favorite",""
"MF DOOM · Pebbles The Invisible Girl - Doomsday","","","Liked videos","Favorite",""
"Starker ""SPIRIDON"" SIDE B (Prod.THERAVADA)","","","Liked videos","Favorite",""
"YoungBoy Never Broke Again - House Arrest Tingz [Official Music Video]","","","Liked videos","Favorite",""
"Unknown T - Right Hand ft. Knucks","","","Liked videos","Favorite",""
"Boldy James · The Alchemist - Guilt","","","Liked videos","Favorite",""
"Burna Boy - Alone","","","Liked videos","Favorite",""
"AJ Tracey, Unknown T, JME, Chip, D Double E, Jammer & Frisco | Unknown Cypher | Link Up TV","","","Liked videos","Favorite",""
"Lusho x Pozer - Cross Waters","","","Liked videos","Favorite",""
"The Alchemist · Conway The Machine - Diego Maradona","","","Liked videos","Favorite",""
"Gunna - him all along","","","Liked videos","Favorite",""
"RetcH - Short $ermons (feat. Ab-Soul)","","","Liked videos","Favorite",""
"The Alchemist - Something Light","","","Liked videos","Favorite",""
"The Alchemist · Larry June - Details","","","Liked videos","Favorite",""
"Westside Gunn · Conway the Machine · The Alchemist · ScHoolboy Q - Fork In The Pot (feat. ScHoolboy Q)","","","Liked videos","Favorite",""
"Willie The Kid · V Don · Willie Buckley · Tivon Key - Triple Double","","","Liked videos","Favorite",""
"V Don x Willie The Kid - Mother of Pearls Ft. Eto [Official Video]","","","Liked videos","Favorite",""
"Westside Gunn · Billie Essco - Why I do em Like that (feat. Billie Essco)","","","Liked videos","Favorite",""
"Stormzy · Ghetts · J Hus - Bad Boys","","","Liked videos","Favorite",""
"OT7 Quanny - Get That Money","","","Liked videos","Favorite",""
"Metro Boomin · Future · Chris Brown - Superhero (Heroes & Villains)","","","Liked videos","Favorite",""
"King Willonius - Freak Off","","","Liked videos","Favorite",""
"Ski Mask The Slump God · Lil Yachty - Cat Piss","","","Liked videos","Favorite",""
"Future - SOUTH OF FRANCE (Official Audio)","","","Liked videos","Favorite",""
"MIKE · Wiki · The Alchemist - Mayors A Cop","","","Liked videos","Favorite",""
"The Alchemist feat. ScHoolBoy Q-  ""Ferraris in The Rain"" Official Video","","","Liked videos","Favorite",""
"Beyoncé - Sweet Dreams","","","Liked videos","Favorite",""
"JAŸ-Z - Imaginary Players","","","Liked videos","Favorite",""
"G Herbo - Strike You","","","Liked videos","Favorite",""
"$ilkMoney - A Visit from the Giant Portal Wizard Snake","","","Liked videos","Favorite",""
"$ILKMONEY - Rent-Em Spoons Is a Good Idea (Official Visualizer)","","","Liked videos","Favorite",""
"jace - goose creek but its beautiful","","","Liked videos","Favorite",""
"Lupe Fiasco · Matthew Santos - Superstar (feat. Matthew Santos)","","","Liked videos","Favorite",""
"Burna Boy - Last Last","","","Liked videos","Favorite",""
"OMAH LAY - soso","","","Liked videos","Favorite",""
"Jordan Adetunji - KEHLANI [Official Video]","","","Liked videos","Favorite",""
"Lojay · Sarz · Chris Brown · Lekan Osifeso Junior · Christopher Maurice Brown · Osabuohien Osaretin - Monalisa","","","Liked videos","Favorite",""
"Michael Gray - The Weekend (Radio Edit)","","","Liked videos","Favorite",""
"Lil Tecca & Ken Carson - Fell In Love (Lyric Video)","","","Liked videos","Favorite",""
"Ken Carson - mewtwo (Official Audio)","","","Liked videos","Favorite",""
"Ken Carson · Destroy Lonely - MDMA","","","Liked videos","Favorite",""
"Burna Boy - Tested, Approved & Trusted","","","Liked videos","Favorite",""
"Dark Lo · V Don · Charles Salley · Tivon Key - 2 Faces","","","Liked videos","Favorite",""
"Premo Rice - DEEP in my bag","","","Liked videos","Favorite",""
"Boldy James · The Alchemist - 3rd Person","","","Liked videos","Favorite",""
"Boldy James · The Alchemist · Stove God Cooks - Diamond Dallas","","","Liked videos","Favorite",""
"Heartist Otod - Tango in Paris","","","Liked videos","Favorite",""
"Drake - 6 Man","","","Liked videos","Favorite",""
"LL COOL J - Hush ft. 7 Aurelius","","","Liked videos","Favorite",""
"Young Thug & Gunna - Ski [Official Video] | Young Stoner Life","","","Liked videos","Favorite",""
"Knowledge the Pirate · Roc Marci prod Animoss - Corsairs (feat. Roc Marci prod Animoss)","","","Liked videos","Favorite",""
"Lenny Kravitz - Fly Away","","","Liked videos","Favorite",""
"Westside Gunn - Why I do em Like that (Audio)","","","Liked videos","Favorite",""
"Travis Scott - LOST FOREVER (OG Version) ft. Westside Gunn & James Blake","","","Liked videos","Favorite",""
"Lusho · Pozer - Cross Waters","","","Liked videos","Favorite",""
"Dubz ft Giggs - Pain Is The Essence","","","Liked videos","Favorite",""
"SWV - I'm So Into You","","","Liked videos","Favorite",""
"Benny The Butcher · Lil Wayne - Big Dog","","","Liked videos","Favorite",""
"Sango · Monte Booker - Bem-estar (feat. Monte Booker)","","","Liked videos","Favorite",""
"Kodak Black · XXXTENTACION - Roll in Peace (feat. XXXTENTACION)","","","Liked videos","Favorite",""
"Lil Wayne - Let It All Work Out","","","Liked videos","Favorite",""
"Kodak Black - Skrt","","","Liked videos","Favorite",""
"2 Chainz - Can't Go For That ft. Ty Dolla $ign, Lil Duval","","","Liked videos","Favorite",""
"Ty Dolla $ign · Lil Wayne · The-Dream - Love U Better (feat. Lil Wayne & The-Dream)","","","Liked videos","Favorite",""
"Kazi · Madlib - A.V.E.R.A.G.E.","","","Liked videos","Favorite",""
"Roc Marciano · Rahkeim Calief Meyer - Pray 4 Me","","","Liked videos","Favorite",""
"Rick Ross · Sizzla · Mavado - Mafia Music III","","","Liked videos","Favorite",""
"D. Savage - Bet (Official Audio)","","","Liked videos","Favorite",""
"Playboi Carti - YUNGXANHOE","","","Liked videos","Favorite",""
"Divine Council ($ILKMONEY ft. CYRAX)- DBSB Prod. by ICYTWAT (Official Video)","","","Liked videos","Favorite",""
"Playboi Carti - WYA HOE","","","Liked videos","Favorite",""
"Playboi Carti - love hurts (Audio) ft. Travis Scott","","","Liked videos","Favorite",""
"A$AP ANT x LORDFUBU - LETS GO (PROD. LORDFUBU) (VISUAL)","","","Liked videos","Favorite",""
"NAST B - FULL OF SMOKE  FEAT. BIG FLOCK (Official Music Video) | Dir. By 95 Productions Music Video","","","Liked videos","Favorite",""
"A$AP Mob · Juicy J - Yamborghini High","","","Liked videos","Favorite",""
"LARRY JUNE X CARDO - ORANGES ON A JET FT CURREN$Y","","","Liked videos","Favorite",""
"The Alchemist feat. Gangrene - ""Royal Hand"" Official Video","","","Liked videos","Favorite",""
"Freddie Gibbs - Eastside Moonwalker","","","Liked videos","Favorite",""
"Denzel Curry - HOT ONE ft. TiaCorine & FERG (Official Music Video)","","","Liked videos","Favorite",""
"Westside Gunn - BDP (Official Video)","","","Liked videos","Favorite",""
"JPEGMAFIA - BBW","","","Liked videos","Favorite",""
"A$AP Ferg · Playboi Carti - Mad Man","","","Liked videos","Favorite",""
"Fivio Foreign - Drive By (Official Video)","","","Liked videos","Favorite",""
"Brent Faiyaz - Trust","","","Liked videos","Favorite",""
"Sosamann - Drippin Issa Must","","","Liked videos","Favorite",""
"Armand Hammer · The Alchemist · KAYANA · C. Hall for ELUCID · F. Porter for the Happiest Africans (SESAC) - Black Sunlight","","","Liked videos","Favorite",""
"Strandz, Digga - Us Against the World (Remix - Official Video)","","","Liked videos","Favorite",""
"StreetFootball Mixtape - Freestyle 1","","","Liked videos","Favorite",""
"NxWorries (Anderson.Paak & Knxwledge) - Lyk Dis [Official Video]","","","Liked videos","Favorite",""
"Kendrick Lamar - Silent Hill ft. Kodak Black (Official Audio)","","","Liked videos","Favorite",""
"Frank Ocean - Pink + White","","","Liked videos","Favorite",""
"Logic - All I Do","","","Liked videos","Favorite",""
"Logic - Gang Related","","","Liked videos","Favorite",""
"Ab-Soul · Kendrick Lamar - Turn Me Up (feat. Kendrick Lamar)","","","Liked videos","Favorite",""
"Frank Ocean - Lens V2 (feat. Travis Scott)","","","Liked videos","Favorite",""
"J. Cole - everybody dies","","","Liked videos","Favorite",""
"Playboi Carti - Other Shit","","","Liked videos","Favorite",""
"Boldy James -  Brick Van Exel | (Alternate Intro)","","","Liked videos","Favorite",""
"RXKNephew “Are You Here” (Prod By BOSSUP)[Shot By FiloSofi]","","","Liked videos","Favorite",""
"Rich The Kid - Dead Friends","","","Liked videos","Favorite",""
"Skilla Baby - Famished (Official Music Video)","","","Liked videos","Favorite",""
"Westside Gunn, DJ Swamp Izzo - MR EVERYTHING (Official Visualizer) ft. Jeezy","","","Liked videos","Favorite",""
"The Teejayx6 ""BACK BALLIN"" ""On The Radar"" Performance (DETROIT EDITION)","","","Liked videos","Favorite",""
"RXKNephew “ Aunty Lil Bit” Prod By BOSSUP “","","","Liked videos","Favorite",""
"RXKNephew"" ? "" Video (Question Mark)","","","Liked videos","Favorite",""
"RXKNephew “Super Terrorist “ Prod By BOSSUP “VIDEO”","","","Liked videos","Favorite",""
"RXK Nephew - C A N D Y","","","Liked videos","Favorite",""
"RXK Nephew - Bobby Vs Whitney","","","Liked videos","Favorite",""
"RXKNephew “Man Of Sin “ Prod By Bossup “","","","Liked videos","Favorite",""
"RXKNephew "" Crack Dreams 5 "" Hosted By DJ SMOKEY""","","","Liked videos","Favorite",""
"Kendrick Lamar - Black Boy Fly (Bonus Track)","","","Liked videos","Favorite",""
"YUNGMORPHEUS · Goya Gumbani - Head Above the Water","","","Liked videos","Favorite",""
"Pusha T · Kendrick Lamar - Nosetalgia","","","Liked videos","Favorite",""
"Earl Sweatshirt · The Alchemist · Vince Staples - The Caliphate (feat. Vince Staples)","","","Liked videos","Favorite",""
"The Alchemist · Earl Sweatshirt - E. Coli","","","Liked videos","Favorite",""
"Meek Mill · Rick Ross - Body Count (feat. Rick Ross)","","","Liked videos","Favorite",""
"Max B - Picture Me Rollin","","","Liked videos","Favorite",""
"Meek Mill · Future · Fabolous - Money Ain't No Issue (feat. Future & Fabolous)","","","Liked videos","Favorite",""
"StreamBeats by Harris Heller - Guilty Spark","","","Liked videos","Favorite",""
"Freddie Gibbs · 2 Chainz - Neighborhood Hoez (feat. 2 Chainz)","","","Liked videos","Favorite",""
"Da$H - ""NO MAN'S LAND"" [OFFICIAL SHORT]","","","Liked videos","Favorite",""
"ScHoolboy Q · SZA - Neva CHange","","","Liked videos","Favorite",""
"Drake - Furthest Thing","","","Liked videos","Favorite",""
"Pusha T - The Games We Play","","","Liked videos","Favorite",""
"Freddie Gibbs · Madlib · Raekwon - Bomb (feat. Raekwon)","","","Liked videos","Favorite",""
"Kendrick Lamar - For Free?","","","Liked videos","Favorite",""
"Roc Marciano - The Sauce & Corniche feat. Action Bronson from RR2- the Bitter Dose (2018)","","","Liked videos","Favorite",""
"Benny The Butcher - Jermanie’s Graduation (Audio)","","","Liked videos","Favorite",""
"Pusha T · Beanie Sigel - Keep Dealing","","","Liked videos","Favorite",""
"MF DOOM - SUPER ACCORDIAN","","","Liked videos","Favorite",""
"War - Why Can't We Be Friends?","","","Liked videos","Favorite",""
"Smash Mouth - Why Can't We Be Friends","","","Liked videos","Favorite",""
"NxWorries (Anderson.Paak & Knxwledge) ""Suede"" – Official Video","","","Liked videos","Favorite",""
"Pusha T · 2 Chainz · Big Sean - Who I Am","","","Liked videos","Favorite",""
"A$AP Rocky · Joe Fox · Future · M.I.A. - Fine Whine","","","Liked videos","Favorite",""
"Jay Electronica - The Neverending Story","","","Liked videos","Favorite",""
"ScHoolboy Q · Raekwon - Blind Threats","","","Liked videos","Favorite",""
"Pusha T - Brambleton (Visualizer)","","","Liked videos","Favorite",""
"AZ - The Format","","","Liked videos","Favorite",""
"Ab-Soul · Action Bronson · Asaad - Stigmata","","","Liked videos","Favorite",""
"Talib Kweli & Madlib - Richies Part Two ft Roc Marciano & Westside Gunn (Official Video)","","","Liked videos","Favorite",""
"Roc Marciano · Jay Worthy - On The Run","","","Liked videos","Favorite",""
"PRhyme - To Me, To You feat. Jay Electronica","","","Liked videos","Favorite",""
"Common - 7 Deadly Sins","","","Liked videos","Favorite",""
"King Geedorah - Fazers","","","Liked videos","Favorite",""
"Curren$y · Freddie Gibbs · The Alchemist - Saturday Night Special","","","Liked videos","Favorite",""
"SZA - Snooze","","","Liked videos","Favorite",""
"Kanye West · Lil Wayne - Barry Bonds","","","Liked videos","Favorite",""
"Flume - Never Be Like You","","","Liked videos","Favorite",""
"Freddie Gibbs - Careless","","","Liked videos","Favorite",""
"Nicholas Craven & Boldy James - No Pun Intended","","","Liked videos","Favorite",""
"playboi carti - 7am (slowed + reverb)","","","Liked videos","Favorite",""
"Roc Marciano · Rahkeim Calief Meyer - Downtown '81","","","Liked videos","Favorite",""
"The Underachievers - Caprice","","","Liked videos","Favorite",""
"Dark Lo x V Don - 2 FACES [Official Visualizer]","","","Liked videos","Favorite",""
"At Your Best Frank Ocean","","","Liked videos","Favorite",""
"Sauce Twinz · Sauce Walka · Sancho Saucy · D. Flowers - Drivers License","","","Liked videos","Favorite",""
"Rick Ross - Game Ain't Based On Sympathy","","","Liked videos","Favorite",""
"Dean Blunt - STOOZY","","","Liked videos","Favorite",""
"Yves Tumor - Romanticist","","","Liked videos","Favorite",""
"Tory Lanez - Say It","","","Liked videos","Favorite",""
"Roc Marciano · Rahkeim Calief Meyer - The Man","","","Liked videos","Favorite",""
"Roc Marciano - Downtown 81 (Official Music Video)","","","Liked videos","Favorite",""
"Knowledge The Pirate - Blessings Almighty","","","Liked videos","Favorite",""
"Boldy James · The Alchemist · Vince Staples - Surf & Turf","","","Liked videos","Favorite",""
"Knowledge The Pirate · Rome Streetz - Daddy Yankee (feat. Rome Streetz)","","","Liked videos","Favorite",""
"Knowledge The Pirate - Smoke & Mirrors","","","Liked videos","Favorite",""
"Freddie Gibbs - Pronto","","","Liked videos","Favorite",""
"Kash Doll - For Everybody","","","Liked videos","Favorite",""
"RXKNephew “ In My Dreams Pt 2 “","","","Liked videos","Favorite",""
"Benny The Butcher, Westside Gunn, Conway the Machine, Rick Hyde - Griselda Express (Audio)","","","Liked videos","Favorite",""
"Conway The Machine · Jae Skeese · 7xvethegenius - Sister Abigail (feat. Jae Skeese & 7xvethegenius)","","","Liked videos","Favorite",""
"Denzel Curry - This Life","","","Liked videos","Favorite",""
"Rihanna - Pose","","","Liked videos","Favorite",""
"NGeeYL · Lil Uzi Vert - Off-White (feat. Lil Uzi Vert)","","","Liked videos","Favorite",""
"Playboi Carti - ILoveUIHateU","","","Liked videos","Favorite",""
"Benny The Butcher - Jermanie’s Graduation","","","Liked videos","Favorite",""
"Benny The Butcher - TMVTL","","","Liked videos","Favorite",""
"Antslive - Tweakin","","","Liked videos","Favorite",""
"Isaiah Rashad - Bday (feat. Deacon Blues & Kari Faux)","","","Liked videos","Favorite",""
"Brent Faiyaz - Pistachios","","","Liked videos","Favorite",""
"Lil Tecca - Down With Me","","","Liked videos","Favorite",""
"Andre Nickatina · San Quinn - Ayo","","","Liked videos","Favorite",""
"Clear Soul Forces - Get No Better (Official Video)","","","Liked videos","Favorite",""
"Rejjie Snow - USSR","","","Liked videos","Favorite",""
"Freddie Gibbs · Madlib - Half Manne Half Cocaine","","","Liked videos","Favorite",""
"Lil Yachty · Diana Gordon - drive ME crazy!","","","Liked videos","Favorite",""
"Brent Faiyaz - Upset feat. Tommy Richman & FELIX! [Official Video]","","","Liked videos","Favorite",""
"Rose Royce - Wishing on a Star","","","Liked videos","Favorite",""
"Styles P - Feelings Gone","","","Liked videos","Favorite",""
"Feel Some Type of Way freestyle","","","Liked videos","Favorite",""
"Westside Gunn - Mac Don't Stop & Nigos Louis (Official Video)","","","Liked videos","Favorite",""
"Cookin Soul & Lord Apex - The Bullshit","","","Liked videos","Favorite",""
"Freddie Gibbs - Rearview","","","Liked videos","Favorite",""
"Lil B - Scouts Report","","","Liked videos","Favorite",""
"Lil B - Hall of Fame","","","Liked videos","Favorite",""
"Sauce Walka - N' 2 Dat","","","Liked videos","Favorite",""
"Sauce Gohan · Peso Peso - 40 Thousand","","","Liked videos","Favorite",""
"Larry June · Cardo · The Alchemist - The Great Escape","","","Liked videos","Favorite",""
"Busta Rhymes - Gimme Some More","","","Liked videos","Favorite",""
"A$AP Rocky · Mos Def · Acyde · Yams - Back Home","","","Liked videos","Favorite",""
"Premo Rice · Niko G4 · GLC · Richard Leon Dixon Jr - Is It (feat. Niko G4 & GLC) (Interlude)","","","Liked videos","Favorite",""
"Your Boy Posca · Boldy James · Boldy James · Your Boy Posca · Le Seize - They Vouching","","","Liked videos","Favorite",""
"Nicholas Craven & Boldy James - No Pun Intended","","","Liked videos","Favorite",""
"Jeezy · JAŸ-Z - Seen It All","","","Liked videos","Favorite",""
"daylyt - Lose Control","","","Liked videos","Favorite",""
"daylyt - Dundash Squars","","","Liked videos","Favorite",""
"daylyt - Hebrew","","","Liked videos","Favorite",""
"Freddie Gibbs - Forever and a Day","","","Liked videos","Favorite",""
"Max B - Don't Take It Personal","","","Liked videos","Favorite",""
"MUSASHI PROJECT - Sadness and Sorrow","","","Liked videos","Favorite",""
"Bobby V. - Slow Down (12"" Version)","","","Liked videos","Favorite",""
"Smoke DZA · Dom Kennedy · Cozz - The Hook Up","","","Liked videos","Favorite",""
"J. Cole · Missy Elliott - Nobody's Perfect","","","Liked videos","Favorite",""
"HoodRich Pablo Juan - Water Boi","","","Liked videos","Favorite",""
"The Alchemist · Larry June · Jay Worthy - Midnight Oil (feat. Larry June & Jay Worthy)","","","Liked videos","Favorite",""
"Blu · Madlib · MED · Jimetta Rose - Burgundy Whip","","","Liked videos","Favorite",""
"Smoke DZA · Cory Gunz · Shoota 93 - Perspective","","","Liked videos","Favorite",""
"Smoke DZA · Shoota 93 · Pounds - 500 Thousand","","","Liked videos","Favorite",""
"The Alchemist · MIKE · Sideshow - Bless (feat. MIKE & Sideshow)","","","Liked videos","Favorite",""
"Armand Hammer · The Alchemist · Earl Sweatshirt · C. Hall for ELUCID · F. Porter for the Happiest Africans (SESAC) - Falling out the Sky","","","Liked videos","Favorite",""
"Jay Worthy · LNDN DRGS · $Ha Hef - Stepping Out","","","Liked videos","Favorite",""
"JPEGMAFIA · Danny Brown · redveil · Barrington Hendricks · Daniel Dewan Sewell - Kingdom Hearts Key","","","Liked videos","Favorite",""
"Freddie Gibbs · Madlib - Cataracts","","","Liked videos","Favorite",""
"Roc Marciano · Rahkeim Calief Meyer - Secrets","","","Liked videos","Favorite",""
"Roc Marciano · Rahkeim Calief Meyer - Fabio","","","Liked videos","Favorite",""
"Kasher Quon - Purple","","","Liked videos","Favorite",""
"Tory Lanez - Friends With Benefits","","","Liked videos","Favorite",""
"Tory Lanez - A Woman","","","Liked videos","Favorite",""
"Larry June · 2 Chainz - Still Boomin (feat. 2 Chainz)","","","Liked videos","Favorite",""
"Max B - Lord Is Tryin' to Tell You Something","","","Liked videos","Favorite",""
"Dark Lo - God Love It","","","Liked videos","Favorite",""
"Max B - Reign","","","Liked videos","Favorite",""
"Max B - I Gotta Habit","","","Liked videos","Favorite",""
"Roc Marciano - Kill You","","","Liked videos","Favorite",""
"Flee Lord · Grafh · RJ Payne · 38 Spesh · Justin Harrell · Philip Bernard - Contract Plus the Bag (feat. Grafh & Rj Payne)","","","Liked videos","Favorite",""
"Freddie Gibbs & The Alchemist - Frank Lucas (feat. Benny The Butcher) [Official Video]","","","Liked videos","Favorite",""
"Premo Rice · Larry June - No One (feat. Larry June)","","","Liked videos","Favorite",""
"Freddie Gibbs & Madlib - Bomb (Official) - Piñata","","","Liked videos","Favorite",""
"Freddie Gibbs - Cold Ass Nigga","","","Liked videos","Favorite",""
"Lor Scoota - Feel It In The Air","","","Liked videos","Favorite",""
"Boldy James feat. Evidence  ""Grey October""  Official video","","","Liked videos","Favorite",""
"Westside Gunn - Versace","","","Liked videos","Favorite",""
"Conway the Machine - Piece of My Heart","","","Liked videos","Favorite",""
"Sauce Walka ""Ghetto Gospel"" (WSHH Exclusive - Official Music Video)","","","Liked videos","Favorite",""
"Playboi Carti - Long Time (Intro)","","","Liked videos","Favorite",""
"Boldy James · The Alchemist · Curren$y · Freddie Gibbs - Fake Flowers","","","Liked videos","Favorite",""
"Premo Rice - No One (Feat. Larry June & SOS Band) Po'd & Slow'd By Feo 9acino","","","Liked videos","Favorite",""
"D Double E · Darren Dixon - Catch of the Day","","","Liked videos","Favorite",""
"Jazzrausch Bigband - Decadence","","","Liked videos","Favorite",""
"Future - Too Comfortable","","","Liked videos","Favorite",""
"Sauce Twinz, Sada Baby & Sauce Gohan - “Big Drip Squad” (Official Music Video - WSHH Exclusive)","","","Liked videos","Favorite",""
"Dark Lo · V Don · Charles Salley · Tivon Key - Legend","","","Liked videos","Favorite",""
"50 Cent - In Da Club (Official Music Video)","","","Liked videos","Favorite",""
"Skepta · Teezee · Kid Cudi · Joseph Adenuga - Peace of Mind","","","Liked videos","Favorite",""
"Max B - Sexy Love","","","Liked videos","Favorite",""
"Dark Lo - Friends Ain't Loyal","","","Liked videos","Favorite",""
"Dark Lo - Sucker For Love Pt.3","","","Liked videos","Favorite",""
"Dark Lo - Win A Grammy","","","Liked videos","Favorite",""
"Dark Lo - Go To Mars (Official Music Video)","","","Liked videos","Favorite",""
"Dark Lo - Retribution","","","Liked videos","Favorite",""
"J. Cole · 21 Savage · Morray - m y . l i f e","","","Liked videos","Favorite",""
"Dark Lo  - Super Sturdy (Prod. By NY Bangaz) #AmericanMade","","","Liked videos","Favorite",""
"Only The Family & Lil Durk - Hellcats & Trackhawks (Official Video)","","","Liked videos","Favorite",""
"Benny The Butcher · Hit-Boy - Legend","","","Liked videos","Favorite",""
"Benny The Butcher · Harry Fraud · 2 Chainz · Jeremie Pennick · Rory William Quigley · Tauheed Epps - Plug Talk (feat. 2 Chainz)","","","Liked videos","Favorite",""
"Spinabenz, Whoppa Wit Da Choppa, Yungeen Ace, & FastMoney Goon - Who I Smoke (Official Music Video)","","","Liked videos","Favorite",""
"FIVIO FOREIGN - BIG DRIP (OFFICIAL VIDEO)","","","Liked videos","Favorite",""
"DJ Khaled · Travis Scott · Lil Wayne - Tourist","","","Liked videos","Favorite",""
"Birdman · Roddy Ricch · Lil Wayne - STUNNAMAN","","","Liked videos","Favorite",""
"Trippie Redd - ""Love Scars"" Official Music Video | Pigeons & Planes Premiere","","","Liked videos","Favorite",""
"Max B - Every Morning","","","Liked videos","Favorite",""
"Max B - What Am I Gone Do","","","Liked videos","Favorite",""
"Max B - Bad Whiskey","","","Liked videos","Favorite",""
"Max B - Po Muzik","","","Liked videos","Favorite",""
"Max B - Tattoos On Her Back","","","Liked videos","Favorite",""
"16yrold · KILLY - Drought","","","Liked videos","Favorite",""
"Jay Electronica · The-Dream - Shiny Suit Theory","","","Liked videos","Favorite",""
"JID - Off Da Zoinkys","","","Liked videos","Favorite",""
"Smino - KLINK (Audio)","","","Liked videos","Favorite",""
"The Alchemist · ScHoolboy Q - W.Y.G.D.T.N.S.","","","Liked videos","Favorite",""
"Trippie Redd · unotheactivist - Today","","","Liked videos","Favorite",""
"travis scott ~ houstonfornication ﾉ slowed + reverb ﾉ","","","Liked videos","Favorite",""
"DJ Premier feat. Westside Gunn, Conway & Benny - Headlines","","","Liked videos","Favorite",""
"Future - Life Is Good (Official Music Video) ft. Drake","","","Liked videos","Favorite",""
"AGNC Presents: Basedlord - BEEEEE! Prod. Twiist","","","Liked videos","Favorite",""
"Hopsin - Covid Mansion","","","Liked videos","Favorite",""
"Chip - 0420 (R.I.P Black The Ripper) [Music Video] | GRM Daily","","","Liked videos","Favorite",""
"Jme - This One","","","Liked videos","Favorite",""
"JPEGMAFIA - Papi I Missed U","","","Liked videos","Favorite",""
"This Is A Mans World - New York Street performer | #JalibJohnson","","","Liked videos","Favorite",""
"JPEGMAFIA - Macaulay Culkin","","","Liked videos","Favorite",""
"Earl Sweatshirt - Ontheway! (Official Audio) ft. Standing On The Corner","","","Liked videos","Favorite",""
"JAŸ-Z - The Story of O.J.","","","Liked videos","Favorite",""
"Freddie Gibbs · Madlib - Situations","","","Liked videos","Favorite",""
"GoldLink - Got Muscle (Audio) ft. Peewee Longway, WaveIQ","","","Liked videos","Favorite",""
"The Absolute State Of The Rap Game","","","Liked videos","Favorite",""
"When the music video doesn't match the song","","","Liked videos","Favorite",""
"Freddie Gibbs & Madlib - Robes (Official) - Piñata","","","Liked videos","Favorite",""
"Da$H - ""Sensai"" [OFFICIAL MUSIC VIDEO]","","","Liked videos","Favorite",""
"Tory Lanez - Litty Again Freestyle (Official Audio)","","","Liked videos","Favorite",""
"DAVE EAST WIT ME","","","Liked videos","Favorite",""
"Blueface ""Next Big Thing"" (WSHH Exclusive - Official Music Video)","","","Liked videos","Favorite",""
"6ix9ine - FEFE ft. Nicki Minaj, Murda Beatz","","","Liked videos","Favorite",""
"JPEGMAFIA - Rock N Roll Is Dead","","","Liked videos","Favorite",""
"slowthai - T N Biscuits","","","Liked videos","Favorite",""
"Anderson .Paak - Bubblin (Official Video)","","","Liked videos","Favorite",""
"Travis Scott - Watch (Audio) ft. Lil Uzi Vert, Kanye West","","","Liked videos","Favorite",""
"J.K. The Reaper - Parking Lot (Official Music Video)","","","Liked videos","Favorite",""
"Smino - Maraca | A COLORS SHOW","","","Liked videos","Favorite",""
"Frank Ocean - Provider","","","Liked videos","Favorite",""
"Vic Mensa & Valee ""Dim Sum"" (WSHH Exclusive - Official Music Video)","","","Liked videos","Favorite",""
"Pokemon Rap - BODY BAG (Prod. by Kabuto Beats)","","","Liked videos","Favorite",""
"Who It Is (ft. Lil Wayne, Kevin Gates, Kodak Black, Lil Uzi Vert + 6 more)","","","Liked videos","Favorite",""
"Xzibit - What U See Is What U Get","","","Liked videos","Favorite",""
"Lupe Fiasco - Mural","","","Liked videos","Favorite",""
"Jay Electronica's Classic “Exhibit C” Verse | Check The Rhyme","","","Liked videos","Favorite",""
"6 dogs - flossing","","","Liked videos","Favorite",""
"Lost Woods (The Legend of Zelda: Ocarina of Time) Jazz Cover - The Consouls","","","Liked videos","Favorite",""
"Pokemon Rap - PokeRAW 2","","","Liked videos","Favorite",""
"Street Fighter 2 - Guile Theme Acapella","","","Liked videos","Favorite",""
"Pokémon Black and White - N's Castle Remix","","","Liked videos","Favorite",""
"Pokémon The Movie 2000 - Lugia's Song (Remix)","","","Liked videos","Favorite",""

"Predictive History","","","My Subscriptions (Artists)","Artist",""
"ZEO","","","My Subscriptions (Artists)","Artist",""
"WyaRonn","","","My Subscriptions (Artists)","Artist",""
"Kasher Quon","","","My Subscriptions (Artists)","Artist",""
"Come And Talk 2 Me","","","My Subscriptions (Artists)","Artist",""
"BRS","","","My Subscriptions (Artists)","Artist",""
"Blimax","","","My Subscriptions (Artists)","Artist",""
"Veryscamlikely","","","My Subscriptions (Artists)","Artist",""
"theneedledrop","","","My Subscriptions (Artists)","Artist",""
"Tsoding Daily","","","My Subscriptions (Artists)","Artist",""
"Trevin","","","My Subscriptions (Artists)","Artist",""
"zzz","","","My Subscriptions (Artists)","Artist",""
"PowerfulJRE","","","My Subscriptions (Artists)","Artist",""
"DygoKnight","","","My Subscriptions (Artists)","Artist",""
"Greg Doucette","","","My Subscriptions (Artists)","Artist",""
"Ashton Hall","","","My Subscriptions (Artists)","Artist",""
"Red Bull 1520","","","My Subscriptions (Artists)","Artist",""
"Tipsy Bartender","","","My Subscriptions (Artists)","Artist",""
"Elite500","","","My Subscriptions (Artists)","Artist",""
"Tankz","","","My Subscriptions (Artists)","Artist",""
"JustKiddingNews","","","My Subscriptions (Artists)","Artist",""
"Elburritomonster","","","My Subscriptions (Artists)","Artist",""
"Jumpy","","","My Subscriptions (Artists)","Artist",""
"Danny Aarons","","","My Subscriptions (Artists)","Artist",""
"WolfeyVGC","","","My Subscriptions (Artists)","Artist",""
"J. Krishnamurti - Official Channel","","","My Subscriptions (Artists)","Artist",""
"Rm Brown","","","My Subscriptions (Artists)","Artist",""
"Mr Sunday Movies","","","My Subscriptions (Artists)","Artist",""
"The Rageaholic","","","My Subscriptions (Artists)","Artist",""
"Tom Scott","","","My Subscriptions (Artists)","Artist",""
"Adriel","","","My Subscriptions (Artists)","Artist",""
"Shredded Sports Science","","","My Subscriptions (Artists)","Artist",""
"RocketJump","","","My Subscriptions (Artists)","Artist",""
"Nathaniel Ozuski Archive","","","My Subscriptions (Artists)","Artist",""
"BROSB4HOES ALBUM","","","My Subscriptions (Artists)","Artist",""
"iBIJ anime","","","My Subscriptions (Artists)","Artist",""
"Jah Talks Music","","","My Subscriptions (Artists)","Artist",""
"Point & Shoot","","","My Subscriptions (Artists)","Artist",""
"Listen 2 YaMama","","","My Subscriptions (Artists)","Artist",""
"Yung Fazo","","","My Subscriptions (Artists)","Artist",""
"merlin","","","My Subscriptions (Artists)","Artist",""
"golfcart","","","My Subscriptions (Artists)","Artist",""
"Classical","","","My Subscriptions (Artists)","Artist",""
"Seeking Success Podcast","","","My Subscriptions (Artists)","Artist",""
"Daily Max","","","My Subscriptions (Artists)","Artist",""
"The Video Archives Podcast","","","My Subscriptions (Artists)","Artist",""
"Supergood Clips","","","My Subscriptions (Artists)","Artist",""
"Leather Apron Club","","","My Subscriptions (Artists)","Artist",""
"Marsy","","","My Subscriptions (Artists)","Artist",""
"Dyrus","","","My Subscriptions (Artists)","Artist",""
"Yassuo The Inter","","","My Subscriptions (Artists)","Artist",""
"Bjergsen","","","My Subscriptions (Artists)","Artist",""
"Benn Jordan","","","My Subscriptions (Artists)","Artist",""
"Martin Shkreli","","","My Subscriptions (Artists)","Artist",""
"The Shkreli Pill","","","My Subscriptions (Artists)","Artist",""
"Shoe0nHead","","","My Subscriptions (Artists)","Artist",""
"Synthetic Man","","","My Subscriptions (Artists)","Artist",""
"Sam O'Nella Academy","","","My Subscriptions (Artists)","Artist",""
"Captain Disillusion","","","My Subscriptions (Artists)","Artist",""
"Lindsay Ellis","","","My Subscriptions (Artists)","Artist",""
"Noah Caldwell-Gervais","","","My Subscriptions (Artists)","Artist",""
"BDobbinsFTW","","","My Subscriptions (Artists)","Artist",""
"Solidrev","","","My Subscriptions (Artists)","Artist",""
"BritMonkey","","","My Subscriptions (Artists)","Artist",""
"Internet Historian","","","My Subscriptions (Artists)","Artist",""